{
  "version": 1,
  "generatedAt": "2026-03-21T07:34:44.573Z",
  "benchmarks": {
    "baseline.shared-workload": {
      "mean": 3.013808664156633,
      "median": 2.9117920000003323,
      "p75": 3.1221949999999197,
      "p99": 4.36689700000079,
      "p995": 4.594141000000491,
      "p999": 4.871867999999722,
      "rme": 0.5413372953167397,
      "sampleCount": 1328
    },
    "current.dom-table-10": {
      "mean": 0.32607777256669535,
      "median": 0.25613800000064657,
      "p75": 0.2976730000009411,
      "p99": 1.00592499999766,
      "p995": 1.5553870000003371,
      "p999": 11.521657999997842,
      "rme": 2.7561732911466486,
      "sampleCount": 18401,
      "factor": 0.08796576129085365
    },
    "current.dom-table-1k": {
      "mean": 25.977537060344794,
      "median": 23.408222000000023,
      "p75": 28.251859000003606,
      "p99": 47.08339100000012,
      "p995": 48.32710099999895,
      "p999": 61.30343299999731,
      "rme": 3.246904684521705,
      "sampleCount": 232,
      "factor": 8.039111997009867
    },
    "current.serialize-state-1k": {
      "mean": 7.378508155828367,
      "median": 6.354903000006743,
      "p75": 7.61234699999477,
      "p99": 18.199089999994612,
      "p995": 21.527300999994623,
      "p999": 26.835814999998547,
      "rme": 2.448630330936807,
      "sampleCount": 815,
      "factor": 2.182471481481513
    },
    "current.ssr-table-10": {
      "mean": 0.204838206780007,
      "median": 0.16379800000049727,
      "p75": 0.18117100000017672,
      "p99": 0.3958630000015546,
      "p995": 0.496766000000207,
      "p999": 9.674929000000702,
      "rme": 2.569812314750822,
      "sampleCount": 29292,
      "factor": 0.05625333128206911
    },
    "current.ssr-table-1k": {
      "mean": 20.346246633898335,
      "median": 18.175935999999638,
      "p75": 22.34547300000122,
      "p99": 42.22212199999922,
      "p995": 43.28163400000085,
      "p999": 45.81586799999786,
      "rme": 3.137177640153588,
      "sampleCount": 295,
      "factor": 6.242182133887847
    }
  },
  "sizes": {
    "dom-table-10": 0,
    "dom-table-1k": 0,
    "serialize-state-1k": 96844,
    "ssr-table-10": 2175,
    "ssr-table-1k": 177401
  }
}
