{
  "version": 1,
  "generatedAt": "2026-04-17T14:08:43.028Z",
  "benchmarks": {
    "baseline.shared-workload": {
      "mean": 2.239865945128788,
      "median": 2.215603500000043,
      "p75": 2.2911669999994047,
      "p99": 2.5768749999997453,
      "p995": 2.6585830000003625,
      "p999": 4.222874999999931,
      "rme": 0.30194457236578276,
      "sampleCount": 1786
    },
    "current.dom-table-10": {
      "mean": 0.1358450201796334,
      "median": 0.12195799999972223,
      "p75": 0.1273750000000291,
      "p99": 0.21500000000014552,
      "p995": 0.32458300000143936,
      "p999": 4.4539590000022145,
      "rme": 1.4748629334724352,
      "sampleCount": 44203,
      "factor": 0.055045047545609974
    },
    "current.dom-table-1k": {
      "mean": 11.41868860646397,
      "median": 9.971666499999628,
      "p75": 10.997999999999593,
      "p99": 22.212125000001834,
      "p995": 30.921166000000085,
      "p999": 63.93170800000007,
      "rme": 2.9227312241464376,
      "sampleCount": 526,
      "factor": 4.500654787735908
    },
    "current.serialize-state-1k": {
      "mean": 3.214542651847896,
      "median": 3.0417080000042915,
      "p75": 3.113792000000103,
      "p99": 6.005832999995619,
      "p995": 6.359207999994396,
      "p999": 7.739541000002646,
      "rme": 0.9293541259109174,
      "sampleCount": 1867,
      "factor": 1.372857553259973
    },
    "current.ssr-table-10": {
      "mean": 0.09140973870716684,
      "median": 0.08712500000001455,
      "p75": 0.0894590000007156,
      "p99": 0.12270799999987503,
      "p995": 0.13520799999969313,
      "p999": 1.2876669999986916,
      "rme": 0.784113374981657,
      "sampleCount": 65639,
      "factor": 0.03932337171340128
    },
    "current.ssr-table-1k": {
      "mean": 7.566429122320357,
      "median": 7.270124999999098,
      "p75": 7.473500000000058,
      "p99": 10.038166000002093,
      "p995": 10.142625000000407,
      "p999": 11.324750000003405,
      "rme": 0.7187027402550027,
      "sampleCount": 793,
      "factor": 3.281329443647727
    }
  },
  "sizes": {
    "dom-table-10": 0,
    "dom-table-1k": 0,
    "serialize-state-1k": 96844,
    "ssr-table-10": 2175,
    "ssr-table-1k": 177401
  }
}
