{
  "version": 1,
  "generatedAt": "2026-04-22T09:06:44.802Z",
  "benchmarks": {
    "baseline.shared-workload": {
      "mean": 4.1663921030176825,
      "median": 4.163173000000825,
      "p75": 4.17759500000011,
      "p99": 4.307330000000093,
      "p995": 4.387362000000394,
      "p999": 4.459026999999878,
      "rme": 0.0511901120040542,
      "sampleCount": 961
    },
    "current.dom-table-10": {
      "mean": 0.39211082858450924,
      "median": 0.330126000000746,
      "p75": 0.34256599999935133,
      "p99": 0.7007149999990361,
      "p995": 0.8345550000012736,
      "p999": 18.25508500000069,
      "rme": 3.622997965684411,
      "sampleCount": 15302,
      "factor": 0.07929672872126155
    },
    "current.dom-table-1k": {
      "mean": 30.416727227272577,
      "median": 27.064055999999255,
      "p75": 28.152157000000443,
      "p99": 51.435520999999426,
      "p995": 52.91184200000134,
      "p999": 52.91184200000134,
      "rme": 3.7615873492037966,
      "sampleCount": 198,
      "factor": 6.500824251116611
    },
    "current.serialize-state-1k": {
      "mean": 7.915080151515359,
      "median": 7.60494099999778,
      "p75": 7.732371999998577,
      "p99": 13.776545000000624,
      "p995": 14.08848399999988,
      "p999": 14.122074999999313,
      "rme": 1.1811894042991111,
      "sampleCount": 759,
      "factor": 1.826717506093615
    },
    "current.ssr-table-10": {
      "mean": 0.2544239612432729,
      "median": 0.2117579999994632,
      "p75": 0.21966100000099686,
      "p99": 0.43218999999953667,
      "p995": 0.47271099999852595,
      "p999": 15.144936000000598,
      "rme": 3.67463113895513,
      "sampleCount": 23583,
      "factor": 0.05086456892361217
    },
    "current.ssr-table-1k": {
      "mean": 23.39941877042797,
      "median": 20.30076999999983,
      "p75": 21.21907099999953,
      "p99": 43.42556600000171,
      "p995": 44.073371000002226,
      "p999": 47.35141999999905,
      "rme": 3.7840091223281433,
      "sampleCount": 257,
      "factor": 4.876273457767863
    }
  },
  "sizes": {
    "dom-table-10": 0,
    "dom-table-1k": 0,
    "serialize-state-1k": 96844,
    "ssr-table-10": 2175,
    "ssr-table-1k": 177401
  }
}
