{
  "version": 1,
  "generatedAt": "2026-03-20T22:27:09.314Z",
  "benchmarks": {
    "baseline.shared-workload": {
      "mean": 2.9932242774869096,
      "median": 2.839393999999629,
      "p75": 3.041041999999834,
      "p99": 4.411052999999811,
      "p995": 4.761893000000782,
      "p999": 10.856469000000288,
      "rme": 1.451529797180259,
      "sampleCount": 1337
    },
    "current.dom-table-10": {
      "mean": 2.9102053709990376,
      "median": 2.600082000000839,
      "p75": 3.009292999999161,
      "p99": 5.4206149999990885,
      "p995": 5.933451999997487,
      "p999": 6.799393000001146,
      "rme": 1.0418063676214564,
      "sampleCount": 2062,
      "factor": 0.9157172269861733
    },
    "current.dom-table-1k": {
      "mean": 255.50067366666644,
      "median": 255.00349500000084,
      "p75": 261.33071100000234,
      "p99": 278.23299699999916,
      "p995": 278.23299699999916,
      "p999": 278.23299699999916,
      "rme": 1.8074851132036815,
      "sampleCount": 24,
      "factor": 89.80912652489727
    },
    "current.dom-update-table-1k": {
      "mean": 522.5280041666671,
      "median": 521.075340000003,
      "p75": 521.6389399999971,
      "p99": 542.325711000005,
      "p995": 542.325711000005,
      "p999": 542.325711000005,
      "rme": 1.4679458756609511,
      "sampleCount": 12,
      "factor": 183.51639117363462
    },
    "current.serialize-state-1k": {
      "mean": 6.424208680942099,
      "median": 5.779012500002864,
      "p75": 6.58357299999625,
      "p99": 11.964677999996638,
      "p995": 12.881764999998268,
      "p999": 16.199419000004127,
      "rme": 1.4975289055072716,
      "sampleCount": 934,
      "factor": 2.0352978487675957
    },
    "current.ssr-table-10": {
      "mean": 2.806698623012154,
      "median": 2.5143950000001496,
      "p75": 2.795743999999104,
      "p99": 5.546024999999645,
      "p995": 5.792844999999943,
      "p999": 7.2607349999998405,
      "rme": 1.0706079991636919,
      "sampleCount": 2138,
      "factor": 0.885539308739991
    },
    "current.ssr-table-1k": {
      "mean": 263.9431093478264,
      "median": 262.2909230000005,
      "p75": 274.31041600000026,
      "p99": 296.85266799999954,
      "p995": 296.85266799999954,
      "p999": 296.85266799999954,
      "rme": 2.1924207079402613,
      "sampleCount": 23,
      "factor": 92.37566994930422
    }
  },
  "sizes": {
    "dom-table-10": 0,
    "dom-table-1k": 0,
    "dom-update-table-1k": 0,
    "serialize-state-1k": 96844,
    "ssr-table-10": 2175,
    "ssr-table-1k": 177401
  }
}
