{
  "version": 1,
  "generatedAt": "2026-03-19T07:49:32.878Z",
  "benchmarks": {
    "baseline.shared-workload": {
      "mean": 3.088664493055571,
      "median": 2.9838345000002846,
      "p75": 3.1992929999996704,
      "p99": 4.196222999999918,
      "p995": 4.295756000000438,
      "p999": 4.766966000000139,
      "rme": 0.6081320295006954,
      "sampleCount": 1296
    },
    "current.dom-table-10": {
      "mean": 2.6569924736609103,
      "median": 2.4209310000005644,
      "p75": 2.6598269999994955,
      "p99": 4.945772000002762,
      "p995": 5.941971000000194,
      "p999": 7.454273999999714,
      "rme": 0.9972462077872076,
      "sampleCount": 2259,
      "factor": 0.8113489538378665
    },
    "current.dom-table-1k": {
      "mean": 226.27416044444504,
      "median": 223.8181110000005,
      "p75": 228.70898399999714,
      "p99": 269.1425390000004,
      "p995": 269.1425390000004,
      "p999": 269.1425390000004,
      "rme": 1.7506185315204819,
      "sampleCount": 27,
      "factor": 75.01022962231288
    },
    "current.dom-update-table-1k": {
      "mean": 0.16147774939449824,
      "median": 0.14038699999946402,
      "p75": 0.15433199999824865,
      "p99": 0.33831800000189105,
      "p995": 0.4541299999982584,
      "p999": 3.4702279999983148,
      "rme": 1.8118797821851593,
      "sampleCount": 37158,
      "factor": 0.04704919123344496
    },
    "current.serialize-state-1k": {
      "mean": 8.639306661870325,
      "median": 7.590303000004496,
      "p75": 9.659450999999535,
      "p99": 19.368933999998262,
      "p995": 22.706399999995483,
      "p999": 26.309580000001006,
      "rme": 2.7205570476483603,
      "sampleCount": 695,
      "factor": 2.543808311085542
    },
    "current.ssr-table-10": {
      "mean": 3.6770456717697337,
      "median": 3.153889999999592,
      "p75": 4.103724000000511,
      "p99": 8.557779999999184,
      "p995": 10.160756999999649,
      "p999": 30.789652999999817,
      "rme": 2.2655355423081396,
      "sampleCount": 1633,
      "factor": 1.0569922695106888
    },
    "current.ssr-table-1k": {
      "mean": 348.1837142222226,
      "median": 318.59908899999937,
      "p75": 353.7774320000026,
      "p99": 548.3319370000027,
      "p995": 548.3319370000027,
      "p999": 548.3319370000027,
      "rme": 12.380673917171574,
      "sampleCount": 18,
      "factor": 106.77505371024063
    }
  },
  "sizes": {
    "dom-table-10": 172,
    "dom-table-1k": 18553,
    "dom-update-table-1k": 26522,
    "serialize-state-1k": 96844,
    "ssr-table-10": 2175,
    "ssr-table-1k": 177401
  }
}
