{
  "version": 1,
  "generatedAt": "2026-03-21T12:16:30.305Z",
  "benchmarks": {
    "baseline.shared-workload": {
      "mean": 2.391079498505668,
      "median": 2.364490000000842,
      "p75": 2.3833349999995335,
      "p99": 2.6583569999993415,
      "p995": 3.380852000000232,
      "p999": 4.637243000000126,
      "rme": 0.2872879738524955,
      "sampleCount": 1673
    },
    "current.dom-table-10": {
      "mean": 0.23821819529917104,
      "median": 0.2088240000011865,
      "p75": 0.215516000000207,
      "p99": 0.3912290000007488,
      "p995": 0.43673199999830103,
      "p999": 9.29101399999854,
      "rme": 2.3623919297862495,
      "sampleCount": 25187,
      "factor": 0.09962788583484916
    },
    "current.dom-table-1k": {
      "mean": 19.126857350318435,
      "median": 17.03704900000048,
      "p75": 18.984739000003174,
      "p99": 33.29371199999878,
      "p995": 34.33528600000136,
      "p999": 49.259454999999434,
      "rme": 2.525836003827687,
      "sampleCount": 314,
      "factor": 7.999256136097516
    },
    "current.serialize-state-1k": {
      "mean": 5.164735446643716,
      "median": 4.765149000002566,
      "p75": 4.911971000001358,
      "p99": 10.715350999998918,
      "p995": 11.519982000005257,
      "p999": 12.39215900000272,
      "rme": 1.4329602160359067,
      "sampleCount": 1162,
      "factor": 2.1600015599111098
    },
    "current.ssr-table-10": {
      "mean": 0.27577379055016205,
      "median": 0.22218699999939417,
      "p75": 0.2284879999997429,
      "p99": 0.405811999999969,
      "p995": 8.339395000000877,
      "p999": 10.282678999999916,
      "rme": 3.2318750901940843,
      "sampleCount": 21757,
      "factor": 0.11533442979311645
    },
    "current.ssr-table-1k": {
      "mean": 28.0051553906976,
      "median": 23.88375400000041,
      "p75": 33.89146199999959,
      "p99": 38.79343499999959,
      "p995": 39.15021100000013,
      "p999": 40.846354999999676,
      "rme": 2.792299180923891,
      "sampleCount": 215,
      "factor": 11.712348087213218
    }
  },
  "sizes": {
    "dom-table-10": 0,
    "dom-table-1k": 0,
    "serialize-state-1k": 96844,
    "ssr-table-10": 2175,
    "ssr-table-1k": 177401
  }
}
