{
  "version": 1,
  "generatedAt": "2026-04-22T12:37:51.017Z",
  "benchmarks": {
    "baseline.shared-workload": {
      "mean": 1.385787098718387,
      "median": 1.3740829999997004,
      "p75": 1.4243750000000546,
      "p99": 1.643792000000758,
      "p995": 1.6596249999993233,
      "p999": 3.429167000000234,
      "rme": 0.31892897859756086,
      "sampleCount": 2887
    },
    "current.dom-table-10": {
      "mean": 0.13691426852865515,
      "median": 0.12179200000173296,
      "p75": 0.12712499999906868,
      "p99": 0.21258400000078836,
      "p995": 0.25437500000043656,
      "p999": 4.683207999998558,
      "rme": 2.14198097804038,
      "sampleCount": 43824,
      "factor": 0.08863511156295473
    },
    "current.dom-table-1k": {
      "mean": 10.74411412343465,
      "median": 9.764875000000757,
      "p75": 10.066292000003159,
      "p99": 20.65429199999926,
      "p995": 22.181375000000116,
      "p999": 39.106792000002315,
      "rme": 2.1548488402700308,
      "sampleCount": 559,
      "factor": 7.106466639935787
    },
    "current.serialize-state-1k": {
      "mean": 3.172476205602603,
      "median": 3.0106250000026193,
      "p75": 3.08795900000041,
      "p99": 6.173249999999825,
      "p995": 7.249791000002006,
      "p999": 10.795790999996825,
      "rme": 0.9926692773230017,
      "sampleCount": 1892,
      "factor": 2.1910066568055027
    },
    "current.ssr-table-10": {
      "mean": 0.09173372993716576,
      "median": 0.08362499999930151,
      "p75": 0.08629199999995762,
      "p99": 0.1395830000001297,
      "p995": 0.1842499999993379,
      "p999": 3.2030409999997573,
      "rme": 1.2702556459762884,
      "sampleCount": 65407,
      "factor": 0.06085876908405077
    },
    "current.ssr-table-1k": {
      "mean": 7.972605096945595,
      "median": 7.166624999998021,
      "p75": 7.4415829999998095,
      "p99": 13.151374999999462,
      "p995": 13.7087500000016,
      "p999": 15.154624999999214,
      "rme": 1.6132134043793076,
      "sampleCount": 753,
      "factor": 5.215569219617435
    }
  },
  "sizes": {
    "dom-table-10": 0,
    "dom-table-1k": 0,
    "serialize-state-1k": 96844,
    "ssr-table-10": 2175,
    "ssr-table-1k": 177401
  }
}
