{
  "version": 1,
  "generatedAt": "2026-04-21T14:04:31.425Z",
  "benchmarks": {
    "baseline.shared-workload": {
      "mean": 2.345918524032817,
      "median": 2.3283329999999296,
      "p75": 2.3823750000001382,
      "p99": 2.644999999999982,
      "p995": 2.6850420000000668,
      "p999": 3.88799999999992,
      "rme": 0.21700799473940835,
      "sampleCount": 1706
    },
    "current.dom-table-10": {
      "mean": 0.13514267005271263,
      "median": 0.12120800000047893,
      "p75": 0.1248749999977008,
      "p99": 0.17933300000004238,
      "p995": 0.22612500000104774,
      "p999": 4.882916999998997,
      "rme": 2.086035551764849,
      "sampleCount": 44398,
      "factor": 0.052057845677780025
    },
    "current.dom-table-1k": {
      "mean": 10.472341614310771,
      "median": 9.651874999999563,
      "p75": 9.965791000002355,
      "p99": 15.413000000000466,
      "p995": 16.727083999998285,
      "p999": 35.586041999999,
      "rme": 1.6510193738026868,
      "sampleCount": 573,
      "factor": 4.145401452455407
    },
    "current.serialize-state-1k": {
      "mean": 3.132431378392499,
      "median": 2.98870800000077,
      "p75": 3.050999999999476,
      "p99": 5.772499999999127,
      "p995": 5.880292000001646,
      "p999": 6.119209000004048,
      "rme": 0.8625380588751997,
      "sampleCount": 1916,
      "factor": 1.2836256669474944
    },
    "current.ssr-table-10": {
      "mean": 0.09034049924716872,
      "median": 0.08583299999918381,
      "p75": 0.08804199999940465,
      "p99": 0.12495899999976245,
      "p995": 0.1404160000001866,
      "p999": 1.3127500000009604,
      "rme": 0.8551658943367466,
      "sampleCount": 66416,
      "factor": 0.036864572206461194
    },
    "current.ssr-table-1k": {
      "mean": 7.446009150123997,
      "median": 7.126646000001529,
      "p75": 7.348292000000583,
      "p99": 10.037749999999505,
      "p995": 10.363624999999956,
      "p999": 13.271040999999968,
      "rme": 0.7712314758482964,
      "sampleCount": 806,
      "factor": 3.060836229182743
    }
  },
  "sizes": {
    "dom-table-10": 0,
    "dom-table-1k": 0,
    "serialize-state-1k": 96844,
    "ssr-table-10": 2175,
    "ssr-table-1k": 177401
  }
}
