{
  "version": 1,
  "generatedAt": "2026-05-02T16:23:30.514Z",
  "benchmarks": {
    "baseline.shared-workload": {
      "mean": 1.4272255158758433,
      "median": 1.3930829999999332,
      "p75": 1.4647919999997612,
      "p99": 1.9199589999998352,
      "p995": 2.7983750000003056,
      "p999": 4.205416999999898,
      "rme": 0.5182242396741151,
      "sampleCount": 2803
    },
    "current.dom-table-10": {
      "mean": 0.13639182387307877,
      "median": 0.12041700000190758,
      "p75": 0.12604099999953178,
      "p99": 0.2091660000005504,
      "p995": 0.34633300000132294,
      "p999": 4.493583999999828,
      "rme": 1.9663956362018276,
      "sampleCount": 43991,
      "factor": 0.08643921431954403
    },
    "current.dom-table-1k": {
      "mean": 10.707175217468814,
      "median": 9.631915999998455,
      "p75": 9.969834000003175,
      "p99": 20.992291000002297,
      "p995": 27.08808300000237,
      "p999": 38.75787499999933,
      "rme": 2.2165818681117764,
      "sampleCount": 561,
      "factor": 6.9141005955846975
    },
    "current.serialize-state-1k": {
      "mean": 3.4859137189313567,
      "median": 3.102792000003319,
      "p75": 3.2292079999970156,
      "p99": 10.06095799999457,
      "p995": 20.237291000004916,
      "p999": 33.13070799999696,
      "rme": 2.710598920931681,
      "sampleCount": 1722,
      "factor": 2.227284375736024
    },
    "current.ssr-table-10": {
      "mean": 0.09733865399652775,
      "median": 0.08687500000087311,
      "p75": 0.09112500000082946,
      "p99": 0.1670830000002752,
      "p995": 0.27616699999998673,
      "p999": 3.2901249999995343,
      "rme": 1.3731043157090865,
      "sampleCount": 61641,
      "factor": 0.0623616826857246
    },
    "current.ssr-table-1k": {
      "mean": 8.069372754032258,
      "median": 7.222708999999668,
      "p75": 7.565000000002328,
      "p99": 13.761290999998891,
      "p995": 14.159625000000233,
      "p999": 23.3426670000008,
      "rme": 1.7015020992506698,
      "sampleCount": 744,
      "factor": 5.1846939486017805
    }
  },
  "sizes": {
    "dom-table-10": 0,
    "dom-table-1k": 0,
    "serialize-state-1k": 96844,
    "ssr-table-10": 2175,
    "ssr-table-1k": 177401
  }
}
