{
  "version": 1,
  "generatedAt": "2026-04-23T13:37:50.381Z",
  "benchmarks": {
    "baseline.shared-workload": {
      "mean": 1.8004805121512044,
      "median": 1.786520999999766,
      "p75": 1.809979999999996,
      "p99": 1.9572269999998753,
      "p995": 2.0468650000002526,
      "p999": 2.145901000000322,
      "rme": 0.10692246412375983,
      "sampleCount": 2222
    },
    "current.dom-table-10": {
      "mean": 0.27018335460196347,
      "median": 0.24705400000129885,
      "p75": 0.25212399999873014,
      "p99": 0.32826700000077835,
      "p995": 0.358513999999559,
      "p999": 8.414304999998421,
      "rme": 1.9672094723860531,
      "sampleCount": 22208,
      "factor": 0.13828776711907176
    },
    "current.dom-table-1k": {
      "mean": 19.1805632460065,
      "median": 17.45071900000039,
      "p75": 18.024256000000605,
      "p99": 29.34534199999689,
      "p995": 30.58972900000299,
      "p999": 48.33167500000127,
      "rme": 2.331003019577121,
      "sampleCount": 313,
      "factor": 9.76798985290555
    },
    "current.serialize-state-1k": {
      "mean": 4.774179095465326,
      "median": 4.618536000001768,
      "p75": 4.656126000001677,
      "p99": 7.169937999999092,
      "p995": 7.221623999997973,
      "p999": 7.361406999996689,
      "rme": 0.674140081863345,
      "sampleCount": 1257,
      "factor": 2.5852122645087143
    },
    "current.ssr-table-10": {
      "mean": 0.18987806398733537,
      "median": 0.16983900000013818,
      "p75": 0.17414800000005926,
      "p99": 0.23467099999834318,
      "p995": 0.3030290000006062,
      "p999": 7.509625999999116,
      "rme": 2.0602687323349573,
      "sampleCount": 31600,
      "factor": 0.09506689258069759
    },
    "current.ssr-table-1k": {
      "mean": 15.229963695431358,
      "median": 13.517926500000613,
      "p75": 13.885913999998593,
      "p99": 24.920860999998695,
      "p995": 25.924846999998408,
      "p999": 26.28079499999876,
      "rme": 2.36191351309523,
      "sampleCount": 394,
      "factor": 7.566620543504601
    }
  },
  "sizes": {
    "dom-table-10": 0,
    "dom-table-1k": 0,
    "serialize-state-1k": 96844,
    "ssr-table-10": 2449,
    "ssr-table-1k": 177675
  }
}
