{
  "version": 1,
  "generatedAt": "2026-04-22T13:31:54.869Z",
  "benchmarks": {
    "baseline.shared-workload": {
      "mean": 1.4464325372378875,
      "median": 1.406646000000137,
      "p75": 1.4901669999999285,
      "p99": 2.11712499999976,
      "p995": 2.711999999999989,
      "p999": 5.162792000000081,
      "rme": 0.6395580960688576,
      "sampleCount": 2766
    },
    "current.dom-table-10": {
      "mean": 0.13512663227710223,
      "median": 0.11887500000011642,
      "p75": 0.12379199999850243,
      "p99": 0.210916999996698,
      "p995": 0.271708000000217,
      "p999": 4.925374999998894,
      "rme": 2.3005462948857756,
      "sampleCount": 44403,
      "factor": 0.08450953544822566
    },
    "current.dom-table-1k": {
      "mean": 10.98736776965261,
      "median": 9.73687499999869,
      "p75": 10.153375000001688,
      "p99": 22.361791999999696,
      "p995": 23.664624999997613,
      "p999": 36.76312499999767,
      "rme": 2.3653551266669117,
      "sampleCount": 547,
      "factor": 6.922050750507052
    },
    "current.serialize-state-1k": {
      "mean": 3.1664467430079233,
      "median": 3.016208999993978,
      "p75": 3.0833330000023125,
      "p99": 5.853957999999693,
      "p995": 5.931209000002127,
      "p999": 6.162125000002561,
      "rme": 0.9291939902053159,
      "sampleCount": 1895,
      "factor": 2.144255910864343
    },
    "current.ssr-table-10": {
      "mean": 0.09708289938999667,
      "median": 0.08637500000077125,
      "p75": 0.08995799999956944,
      "p99": 0.18045800000072632,
      "p995": 0.23979200000030687,
      "p999": 3.3409999999985303,
      "rme": 1.43421703826499,
      "sampleCount": 61803,
      "factor": 0.06140493059430933
    },
    "current.ssr-table-1k": {
      "mean": 8.301474759336102,
      "median": 7.364083000000392,
      "p75": 7.8145000000004075,
      "p99": 14.155167000000802,
      "p995": 16.304000000000087,
      "p999": 50.72591700000157,
      "rme": 2.22629754078978,
      "sampleCount": 723,
      "factor": 5.235207010150154
    }
  },
  "sizes": {
    "dom-table-10": 0,
    "dom-table-1k": 0,
    "serialize-state-1k": 96844,
    "ssr-table-10": 2449,
    "ssr-table-1k": 177675
  }
}
