{
  "version": 1,
  "generatedAt": "2026-06-10T07:41:53.241Z",
  "benchmarks": {
    "baseline.shared-workload": {
      "mean": 1.403298938267282,
      "median": 1.3794590000002245,
      "p75": 1.4448750000001382,
      "p99": 1.7197500000002037,
      "p995": 1.866957999999613,
      "p999": 2.5996249999998327,
      "rme": 0.31699747899602865,
      "sampleCount": 2851
    },
    "current.dom-table-10": {
      "mean": 0.10121977846382554,
      "median": 0.0824590000011085,
      "p75": 0.08620799999698647,
      "p99": 0.1810829999994894,
      "p995": 0.2458749999968859,
      "p999": 5.004958000001352,
      "rme": 2.85092953196603,
      "sampleCount": 59277,
      "factor": 0.059776332606547265
    },
    "current.dom-table-1k": {
      "mean": 7.312248887941482,
      "median": 5.891625000000204,
      "p75": 6.7722499999981665,
      "p99": 15.824874999998428,
      "p995": 19.794999999998254,
      "p999": 166.9854579999992,
      "rme": 6.499683541038411,
      "sampleCount": 821,
      "factor": 4.270967821442497
    },
    "current.serialize-state-1k": {
      "mean": 3.713703884901071,
      "median": 3.4752915000008215,
      "p75": 3.5826670000024023,
      "p99": 7.227500000000873,
      "p995": 11.218375000000378,
      "p999": 15.190042000001995,
      "rme": 4.366697456137057,
      "sampleCount": 1616,
      "factor": 2.5193148183456384
    },
    "current.ssr-table-10": {
      "mean": 0.07863740997378481,
      "median": 0.06970900000123947,
      "p75": 0.0715409999993426,
      "p99": 0.13475000000016735,
      "p995": 0.20429199999853154,
      "p999": 3.2062080000005153,
      "rme": 1.4864524066785483,
      "sampleCount": 76300,
      "factor": 0.05053357874444121
    },
    "current.ssr-table-1k": {
      "mean": 7.586213221238893,
      "median": 6.24920800000109,
      "p75": 6.896457999999257,
      "p99": 22.10254200000054,
      "p995": 39.403792000000976,
      "p999": 68.76108399999794,
      "rme": 3.9680275783202013,
      "sampleCount": 791,
      "factor": 4.530187559035878
    }
  },
  "sizes": {
    "dom-table-10": 0,
    "dom-table-1k": 0,
    "serialize-state-1k": 96844,
    "ssr-table-10": 2191,
    "ssr-table-1k": 177417
  }
}
