{
  "version": 1,
  "generatedAt": "2026-03-20T21:31:09.962Z",
  "benchmarks": {
    "baseline.shared-workload": {
      "mean": 2.4167497747584585,
      "median": 2.3857620000001134,
      "p75": 2.407686000000467,
      "p99": 3.02699500000017,
      "p995": 3.3764719999999215,
      "p999": 4.13033600000017,
      "rme": 0.2697259828954267,
      "sampleCount": 1656
    },
    "current.dom-table-10": {
      "mean": 2.2232039681363203,
      "median": 2.1107259999989765,
      "p75": 2.1568700000025274,
      "p99": 3.72926500000176,
      "p995": 4.333946999999171,
      "p999": 5.362751000000571,
      "rme": 0.6293998516375542,
      "sampleCount": 2699,
      "factor": 0.8847177547462304
    },
    "current.dom-table-1k": {
      "mean": 201.53367230000003,
      "median": 199.15199100000063,
      "p75": 202.9230209999987,
      "p99": 223.83926200000133,
      "p995": 223.83926200000133,
      "p999": 223.83926200000133,
      "rme": 1.0674797068145354,
      "sampleCount": 30,
      "factor": 83.4752129508271
    },
    "current.dom-update-table-1k": {
      "mean": 411.5739827333348,
      "median": 409.9724300000016,
      "p75": 417.4799500000008,
      "p99": 431.7803930000009,
      "p995": 431.7803930000009,
      "p999": 431.7803930000009,
      "rme": 1.0531848779262503,
      "sampleCount": 15,
      "factor": 171.84129431183084
    },
    "current.serialize-state-1k": {
      "mean": 4.907232644317284,
      "median": 4.64648699999816,
      "p75": 4.722014999999374,
      "p99": 8.925343999995675,
      "p995": 9.561404000000039,
      "p999": 11.319226999999955,
      "rme": 1.1178786360109887,
      "sampleCount": 1223,
      "factor": 1.9475903296296695
    },
    "current.ssr-table-10": {
      "mean": 2.199545225806463,
      "median": 2.050596000000496,
      "p75": 2.099145000000135,
      "p99": 3.970614000000751,
      "p995": 5.249254000000292,
      "p999": 8.559674999998606,
      "rme": 0.9682408769606736,
      "sampleCount": 2728,
      "factor": 0.8595140672038529
    },
    "current.ssr-table-1k": {
      "mean": 203.83653459999974,
      "median": 203.46166099999937,
      "p75": 205.00998299999992,
      "p99": 231.86691300000166,
      "p995": 231.86691300000166,
      "p999": 231.86691300000166,
      "rme": 1.296035100715882,
      "sampleCount": 30,
      "factor": 85.281625325573
    }
  },
  "sizes": {
    "dom-table-10": 0,
    "dom-table-1k": 0,
    "dom-update-table-1k": 0,
    "serialize-state-1k": 96844,
    "ssr-table-10": 2175,
    "ssr-table-1k": 177401
  }
}
