{
  "version": 1,
  "generatedAt": "2026-03-21T12:52:42.667Z",
  "benchmarks": {
    "baseline.shared-workload": {
      "mean": 3.159698119273318,
      "median": 2.5102509999996983,
      "p75": 3.3969620000007126,
      "p99": 7.491215000000011,
      "p995": 7.848065000000133,
      "p999": 7.976158999999825,
      "rme": 2.202562829852975,
      "sampleCount": 1266
    },
    "current.dom-table-10": {
      "mean": 0.25142746452964454,
      "median": 0.21404600000096252,
      "p75": 0.22911300000123447,
      "p99": 0.404329000000871,
      "p995": 0.537849999996979,
      "p999": 9.660613000000012,
      "rme": 2.584770425927502,
      "sampleCount": 23865,
      "factor": 0.07957325511446929
    },
    "current.dom-table-1k": {
      "mean": 19.01490882018926,
      "median": 16.908887999998115,
      "p75": 19.061531999999715,
      "p99": 32.51751000000513,
      "p995": 32.786253999998735,
      "p999": 52.57090900000185,
      "rme": 2.6418904043004345,
      "sampleCount": 317,
      "factor": 6.017951115077537
    },
    "current.serialize-state-1k": {
      "mean": 5.0955887760814855,
      "median": 4.7536049999980605,
      "p75": 4.8725889999986975,
      "p99": 9.869823999993969,
      "p995": 10.1627820000067,
      "p999": 11.031700999999885,
      "rme": 1.2970822245255145,
      "sampleCount": 1179,
      "factor": 1.6126821562476965
    },
    "current.ssr-table-10": {
      "mean": 0.283922938674122,
      "median": 0.22566699999879347,
      "p75": 0.236044999999649,
      "p99": 0.5178930000001856,
      "p995": 3.4404730000005657,
      "p999": 10.105782000000545,
      "rme": 3.0866289142779006,
      "sampleCount": 21133,
      "factor": 0.08985761549252683
    },
    "current.ssr-table-1k": {
      "mean": 29.753936886138646,
      "median": 28.22818449999795,
      "p75": 34.92207699999926,
      "p99": 46.68314400000236,
      "p995": 47.61089699999866,
      "p999": 53.52276699999857,
      "rme": 3.230886321122712,
      "sampleCount": 202,
      "factor": 9.416702407311492
    }
  },
  "sizes": {
    "dom-table-10": 0,
    "dom-table-1k": 0,
    "serialize-state-1k": 96844,
    "ssr-table-10": 2175,
    "ssr-table-1k": 177401
  }
}
