{
  "version": 1,
  "generatedAt": "2026-05-29T08:05:57.244Z",
  "benchmarks": {
    "baseline.shared-workload": {
      "mean": 1.3944916754966934,
      "median": 1.3677079999997659,
      "p75": 1.4258330000002388,
      "p99": 1.7257500000005166,
      "p995": 1.9404590000003736,
      "p999": 4.032791000000088,
      "rme": 0.4298952550435659,
      "sampleCount": 2869
    },
    "current.dom-table-10": {
      "mean": 0.10090194144356458,
      "median": 0.0812080000032438,
      "p75": 0.08516600000075414,
      "p99": 0.1755830000001879,
      "p995": 0.23562499999752617,
      "p999": 5.318916999996873,
      "rme": 3.232621146038998,
      "sampleCount": 59464,
      "factor": 0.059375246765579856
    },
    "current.dom-table-1k": {
      "mean": 7.179975485645928,
      "median": 5.745124999999462,
      "p75": 6.270583999998053,
      "p99": 20.811874999999418,
      "p995": 22.441415999997844,
      "p999": 168.06283399999666,
      "rme": 6.70348176029494,
      "sampleCount": 836,
      "factor": 4.200549386272834
    },
    "current.serialize-state-1k": {
      "mean": 3.6829244349693844,
      "median": 3.4276039999967907,
      "p75": 3.5124589999977616,
      "p99": 7.576290999997582,
      "p995": 10.262582999999722,
      "p999": 16.076790999999503,
      "rme": 3.926517791774163,
      "sampleCount": 1630,
      "factor": 2.5060934059005118
    },
    "current.ssr-table-10": {
      "mean": 0.0776734271622236,
      "median": 0.0690840000006574,
      "p75": 0.07108300000072632,
      "p99": 0.12079199999971024,
      "p995": 0.1845419999990554,
      "p999": 3.2023750000007567,
      "rme": 1.439521814984707,
      "sampleCount": 77247,
      "factor": 0.05051078154157848
    },
    "current.ssr-table-1k": {
      "mean": 7.554173553459113,
      "median": 6.521291000000929,
      "p75": 7.289291999999477,
      "p99": 16.620958999999857,
      "p995": 22.511333000000377,
      "p999": 51.882791,
      "rme": 2.604263255309928,
      "sampleCount": 795,
      "factor": 4.768043325038711
    }
  },
  "sizes": {
    "dom-table-10": 0,
    "dom-table-1k": 0,
    "serialize-state-1k": 96844,
    "ssr-table-10": 2180,
    "ssr-table-1k": 177406
  }
}
