{
  "version": 1,
  "generatedAt": "2026-04-20T09:27:54.568Z",
  "benchmarks": {
    "baseline.shared-workload": {
      "mean": 2.2938892282110124,
      "median": 2.264312999999902,
      "p75": 2.350999999999658,
      "p99": 2.7146670000001905,
      "p995": 2.7847500000002583,
      "p999": 2.9085839999997916,
      "rme": 0.26322048974599377,
      "sampleCount": 1744
    },
    "current.dom-table-10": {
      "mean": 0.14047371652658353,
      "median": 0.12150000000110595,
      "p75": 0.12583299999823794,
      "p99": 0.24116699999649427,
      "p995": 0.43800000000192085,
      "p999": 4.931416999999783,
      "rme": 2.350072240038353,
      "sampleCount": 42713,
      "factor": 0.05365865938194552
    },
    "current.dom-table-1k": {
      "mean": 11.13979764378476,
      "median": 9.99133300000176,
      "p75": 10.39574999999968,
      "p99": 19.383832999999868,
      "p995": 37.61266700000124,
      "p999": 54.66441699999996,
      "rme": 2.7119382088058397,
      "sampleCount": 539,
      "factor": 4.412522915339969
    },
    "current.serialize-state-1k": {
      "mean": 3.2593314828896887,
      "median": 3.086041999995359,
      "p75": 3.180540999994264,
      "p99": 6.119417000001704,
      "p995": 6.25695899999846,
      "p999": 9.471582999998645,
      "rme": 0.999018073442545,
      "sampleCount": 1841,
      "factor": 1.3629043334536757
    },
    "current.ssr-table-10": {
      "mean": 0.09451793553977127,
      "median": 0.08620800000062445,
      "p75": 0.08937499999956344,
      "p99": 0.12008299999979499,
      "p995": 0.15229200000067067,
      "p999": 3.2123750000000655,
      "rme": 1.249961029242451,
      "sampleCount": 63481,
      "factor": 0.038072474962881984
    },
    "current.ssr-table-1k": {
      "mean": 8.197940580601056,
      "median": 7.3961249999993015,
      "p75": 7.724416999997629,
      "p99": 13.607874999997875,
      "p995": 13.859833999998955,
      "p999": 14.51745800000026,
      "rme": 1.5965173988612018,
      "sampleCount": 732,
      "factor": 3.2663880832727727
    }
  },
  "sizes": {
    "dom-table-10": 0,
    "dom-table-1k": 0,
    "serialize-state-1k": 96844,
    "ssr-table-10": 2175,
    "ssr-table-1k": 177401
  }
}
