{
  "version": 1,
  "generatedAt": "2026-04-20T13:41:51.503Z",
  "benchmarks": {
    "baseline.shared-workload": {
      "mean": 2.383838818939834,
      "median": 2.365791999999601,
      "p75": 2.415624999999636,
      "p99": 2.681916000000001,
      "p995": 2.759957999999642,
      "p999": 3.61462500000016,
      "rme": 0.2167590149455704,
      "sampleCount": 1679
    },
    "current.dom-table-10": {
      "mean": 0.13959824282821948,
      "median": 0.12266699999963748,
      "p75": 0.12766700000065612,
      "p99": 0.17112499999711872,
      "p995": 0.21179100000153994,
      "p999": 5.582249999999476,
      "rme": 2.372875634193108,
      "sampleCount": 42981,
      "factor": 0.05185028945894574
    },
    "current.dom-table-1k": {
      "mean": 11.371280996212136,
      "median": 9.922375000000102,
      "p75": 10.34324999999808,
      "p99": 20.875583000000915,
      "p995": 22.240916999999172,
      "p999": 215.30766599999697,
      "rme": 6.980181873098477,
      "sampleCount": 528,
      "factor": 4.1941028628052575
    },
    "current.serialize-state-1k": {
      "mean": 3.208195450561275,
      "median": 3.0595830000020214,
      "p75": 3.128207999994629,
      "p99": 5.874459000006027,
      "p995": 5.976208000000042,
      "p999": 6.186832999999751,
      "rme": 0.8651485365504119,
      "sampleCount": 1871,
      "factor": 1.293259508867448
    },
    "current.ssr-table-10": {
      "mean": 0.09451220279125302,
      "median": 0.0863340000005337,
      "p75": 0.08962500000052387,
      "p99": 0.11912499999925785,
      "p995": 0.15762499999982538,
      "p999": 3.226292000000285,
      "rme": 1.258321259025363,
      "sampleCount": 63484,
      "factor": 0.03649264178784452
    },
    "current.ssr-table-1k": {
      "mean": 8.117953828378376,
      "median": 7.3436255000005985,
      "p75": 7.566000000002532,
      "p99": 13.482915999999022,
      "p995": 13.685457999999926,
      "p999": 13.895583000001352,
      "rme": 1.5621548809801853,
      "sampleCount": 740,
      "factor": 3.1040875529217433
    }
  },
  "sizes": {
    "dom-table-10": 0,
    "dom-table-1k": 0,
    "serialize-state-1k": 96844,
    "ssr-table-10": 2175,
    "ssr-table-1k": 177401
  }
}
