{
  "version": 1,
  "generatedAt": "2026-04-28T17:50:42.820Z",
  "benchmarks": {
    "baseline.shared-workload": {
      "mean": 1.4240758113207423,
      "median": 1.3966250000003129,
      "p75": 1.450749999999971,
      "p99": 1.7515830000002097,
      "p995": 2.1427910000002157,
      "p999": 5.109749999999622,
      "rme": 0.54052124000814,
      "sampleCount": 2809
    },
    "current.dom-table-10": {
      "mean": 0.14941045403157716,
      "median": 0.13149999999950523,
      "p75": 0.13608299999759765,
      "p99": 0.2580409999973199,
      "p995": 0.45600000000194996,
      "p999": 5.176124999998137,
      "rme": 1.7565343657150443,
      "sampleCount": 40158,
      "factor": 0.0941555535662585
    },
    "current.dom-table-1k": {
      "mean": 11.107390414048036,
      "median": 9.975790999997116,
      "p75": 10.397375000000466,
      "p99": 24.391875000001164,
      "p995": 29.972459000000526,
      "p999": 33.76166699999885,
      "rme": 2.3070835409071266,
      "sampleCount": 541,
      "factor": 7.142784211935832
    },
    "current.serialize-state-1k": {
      "mean": 3.312152468543047,
      "median": 3.102082999997947,
      "p75": 3.1808750000054715,
      "p99": 6.288375000003725,
      "p995": 6.612584000002244,
      "p999": 11.6240420000031,
      "rme": 1.1007574834956455,
      "sampleCount": 1812,
      "factor": 2.2211280766112966
    },
    "current.ssr-table-10": {
      "mean": 0.10140340277167215,
      "median": 0.09112500000082946,
      "p75": 0.0946670000002996,
      "p99": 0.17295799999919836,
      "p995": 0.23849999999947613,
      "p999": 3.298624999999447,
      "rme": 1.3121057818426658,
      "sampleCount": 59170,
      "factor": 0.06524657656909266
    },
    "current.ssr-table-1k": {
      "mean": 8.582158692857139,
      "median": 7.750499499999933,
      "p75": 8.104166000000987,
      "p99": 14.326499999999214,
      "p995": 15.043208999999479,
      "p999": 20.417457999999897,
      "rme": 1.6630042599469437,
      "sampleCount": 700,
      "factor": 5.549449207910639
    }
  },
  "sizes": {
    "dom-table-10": 0,
    "dom-table-1k": 0,
    "serialize-state-1k": 96844,
    "ssr-table-10": 2449,
    "ssr-table-1k": 177675
  }
}
