{
  "version": 1,
  "generatedAt": "2026-04-22T13:05:26.613Z",
  "benchmarks": {
    "baseline.shared-workload": {
      "mean": 1.4375298426158847,
      "median": 1.4190419999999904,
      "p75": 1.4835829999997259,
      "p99": 1.745958999999857,
      "p995": 1.838333999999577,
      "p999": 2.3177910000001702,
      "rme": 0.2590493453620384,
      "sampleCount": 2783
    },
    "current.dom-table-10": {
      "mean": 0.14405243702583004,
      "median": 0.12512499999866122,
      "p75": 0.13083299999925657,
      "p99": 0.24866599999950267,
      "p995": 0.41791700000248966,
      "p999": 4.948917000001529,
      "rme": 1.9384856714034313,
      "sampleCount": 41652,
      "factor": 0.08817568472156714
    },
    "current.dom-table-1k": {
      "mean": 11.40736667680599,
      "median": 10.243541499999992,
      "p75": 10.57262499999706,
      "p99": 23.300790999997844,
      "p995": 28.65837499999907,
      "p999": 37.29366700000173,
      "rme": 2.2697806680903967,
      "sampleCount": 526,
      "factor": 7.218631654313305
    },
    "current.serialize-state-1k": {
      "mean": 3.4084291538898053,
      "median": 3.154625000002852,
      "p75": 3.2675410000010743,
      "p99": 6.639499999997497,
      "p995": 8.111375000000407,
      "p999": 20.946540999997524,
      "rme": 1.6341701396537318,
      "sampleCount": 1761,
      "factor": 2.223066688655356
    },
    "current.ssr-table-10": {
      "mean": 0.09761513903621848,
      "median": 0.08720899999934772,
      "p75": 0.09008300000095915,
      "p99": 0.17579200000000128,
      "p995": 0.24174999999922875,
      "p999": 3.333415999999488,
      "rme": 1.3944218250528237,
      "sampleCount": 61466,
      "factor": 0.061456250061202075
    },
    "current.ssr-table-1k": {
      "mean": 8.6635959668109,
      "median": 7.810583999998926,
      "p75": 8.233292000000802,
      "p99": 14.408042000000933,
      "p995": 15.36516599999959,
      "p999": 21.86083300000064,
      "rme": 1.7096622421062302,
      "sampleCount": 693,
      "factor": 5.504124613647079
    }
  },
  "sizes": {
    "dom-table-10": 0,
    "dom-table-1k": 0,
    "serialize-state-1k": 96844,
    "ssr-table-10": 2175,
    "ssr-table-1k": 177401
  }
}
